Date,Ticker,Open,High,Low,Close,Adj Close,Volume
,,MSFT,MSFT,MSFT,MSFT,MSFT,MSFT
2023-01-23,MSFT,241.10000610351562,245.1699981689453,239.64999389648438,242.5800018310547,236.9156036376953,31934000
2023-01-24,MSFT,242.5,243.9499969482422,240.44000244140625,242.0399932861328,236.38819885253906,40234400
2023-01-25,MSFT,234.47999572753906,243.3000030517578,230.89999389648438,240.61000061035156,234.99159240722656,66526600
2023-01-26,MSFT,243.64999389648438,248.30999755859375,242.0,248.0,242.20901489257812,33454500
2023-01-27,MSFT,248.99000549316406,249.8300018310547,246.8300018310547,248.16000366210938,242.3653106689453,26498900
2023-01-30,MSFT,244.50999450683594,245.60000610351562,242.1999969482422,242.7100067138672,237.04254150390625,25867400
2023-01-31,MSFT,243.4499969482422,247.9499969482422,242.9499969482422,247.80999755859375,242.0234832763672,26541100
2023-02-01,MSFT,248.0,255.17999267578125,245.47000122070312,252.75,246.84815979003906,31259900
2023-02-02,MSFT,258.82000732421875,264.69000244140625,257.25,264.6000061035156,258.4214782714844,39940400
2023-02-03,MSFT,259.5400085449219,264.20001220703125,257.1000061035156,258.3500061035156,252.31736755371094,29077300
2023-02-06,MSFT,257.44000244140625,258.29998779296875,254.77999877929688,256.7699890136719,250.77426147460938,22518000
2023-02-07,MSFT,260.5299987792969,268.7699890136719,260.0799865722656,267.55999755859375,261.3123474121094,50841400
2023-02-08,MSFT,273.20001220703125,276.760009765625,266.2099914550781,266.7300109863281,260.5016784667969,54686000
2023-02-09,MSFT,273.79998779296875,273.9800109863281,262.79998779296875,263.6199951171875,257.4643249511719,42375100
2023-02-10,MSFT,261.5299987792969,264.0899963378906,260.6600036621094,263.1000061035156,256.9564514160156,25818500
2023-02-13,MSFT,267.6400146484375,274.6000061035156,267.1499938964844,271.32000732421875,264.9845275878906,44630900
2023-02-14,MSFT,272.6700134277344,274.9700012207031,269.2799987792969,272.1700134277344,265.8146667480469,37047900
2023-02-15,MSFT,268.32000732421875,270.7300109863281,266.17999267578125,269.32000732421875,263.69000244140625,28922400
2023-02-16,MSFT,264.0199890136719,266.739990234375,261.8999938964844,262.1499938964844,256.669921875,29603600
2023-02-17,MSFT,259.3900146484375,260.0899963378906,256.0,258.05999755859375,252.66539001464844,30000100
2023-02-21,MSFT,254.47999572753906,255.49000549316406,251.58999633789062,252.6699981689453,247.3880615234375,28397400
2023-02-22,MSFT,254.08999633789062,254.33999633789062,250.33999633789062,251.50999450683594,246.25230407714844,22491100
2023-02-23,MSFT,255.55999755859375,256.8399963378906,250.47999572753906,254.77000427246094,249.4441375732422,29219100
2023-02-24,MSFT,249.9600067138672,251.0,248.10000610351562,249.22000122070312,244.0102081298828,24990900
2023-02-27,MSFT,252.4600067138672,252.82000732421875,249.38999938964844,250.16000366210938,244.9305419921875,21190000
2023-02-28,MSFT,249.07000732421875,251.49000549316406,248.72999572753906,249.4199981689453,244.2060089111328,22491000
2023-03-01,MSFT,250.75999450683594,250.92999267578125,245.7899932861328,246.27000427246094,241.12185668945312,27565300
2023-03-02,MSFT,246.5500030517578,251.39999389648438,245.61000061035156,251.11000061035156,245.86068725585938,24808200
2023-03-03,MSFT,252.19000244140625,255.6199951171875,251.38999938964844,255.2899932861328,249.9532928466797,30760100
2023-03-06,MSFT,256.42999267578125,260.1199951171875,255.97999572753906,256.8699951171875,251.50027465820312,24109800
2023-03-07,MSFT,256.29998779296875,257.69000244140625,253.38999938964844,254.14999389648438,248.83712768554688,21473200
2023-03-08,MSFT,254.0399932861328,254.5399932861328,250.80999755859375,253.6999969482422,248.39651489257812,17340200
2023-03-09,MSFT,255.82000732421875,259.55999755859375,251.5800018310547,252.32000732421875,247.04537963867188,26653400
2023-03-10,MSFT,251.0800018310547,252.7899932861328,247.60000610351562,248.58999633789062,243.39337158203125,28333900
2023-03-13,MSFT,247.39999389648438,257.9100036621094,245.72999572753906,253.9199981689453,248.6119384765625,33339700
2023-03-14,MSFT,256.75,261.07000732421875,255.86000061035156,260.7900085449219,255.33831787109375,33620300
2023-03-15,MSFT,259.9800109863281,266.4800109863281,259.2099914550781,265.44000244140625,259.8911437988281,46028000
2023-03-16,MSFT,265.2099914550781,276.55999755859375,263.2799987792969,276.20001220703125,270.4261779785156,54768800
2023-03-17,MSFT,278.260009765625,283.3299865722656,276.32000732421875,279.42999267578125,273.5886535644531,69527400
2023-03-20,MSFT,276.9800109863281,277.4800109863281,269.8500061035156,272.2300109863281,266.5392150878906,43466600
2023-03-21,MSFT,274.8800048828125,275.0,269.5199890136719,273.7799987792969,268.0567626953125,34558700
2023-03-22,MSFT,273.3999938964844,281.0400085449219,272.17999267578125,272.2900085449219,266.59796142578125,34873300
2023-03-23,MSFT,277.94000244140625,281.05999755859375,275.20001220703125,277.6600036621094,271.855712890625,36610900
2023-03-24,MSFT,277.239990234375,280.6300048828125,275.2799987792969,280.57000732421875,274.7048645019531,28172000
2023-03-27,MSFT,280.5,281.4599914550781,275.5199890136719,276.3800048828125,270.6023864746094,26840200
2023-03-28,MSFT,275.7900085449219,276.1400146484375,272.04998779296875,275.2300109863281,269.4764709472656,21878600
2023-03-29,MSFT,278.9599914550781,281.1400146484375,278.4100036621094,280.510009765625,274.6460876464844,25087000
2023-03-30,MSFT,284.2300109863281,284.4599914550781,281.4800109863281,284.04998779296875,278.112060546875,25053400
2023-03-31,MSFT,283.7300109863281,289.2699890136719,283.0,288.29998779296875,282.273193359375,32766000
2023-04-03,MSFT,286.5199890136719,288.2699890136719,283.95001220703125,287.2300109863281,281.22564697265625,24883300
2023-04-04,MSFT,287.2300109863281,290.45001220703125,285.6700134277344,287.17999267578125,281.17669677734375,25824300
2023-04-05,MSFT,285.8500061035156,287.1499938964844,282.9200134277344,284.3399963378906,278.3960266113281,22064800
2023-04-06,MSFT,283.2099914550781,292.0799865722656,282.0299987792969,291.6000061035156,285.50433349609375,29770300
2023-04-10,MSFT,289.2099914550781,289.6000061035156,284.7099914550781,289.3900146484375,283.3404846191406,23103000
2023-04-11,MSFT,285.75,285.9800109863281,281.6400146484375,282.8299865722656,276.9176025390625,27276600
2023-04-12,MSFT,284.7900085449219,287.010009765625,281.9599914550781,283.489990234375,277.56378173828125,27403400
2023-04-13,MSFT,283.5899963378906,289.8999938964844,283.1700134277344,289.8399963378906,283.7810974121094,24222700
2023-04-14,MSFT,287.0,288.4800109863281,283.69000244140625,286.1400146484375,280.1583557128906,20987900
2023-04-17,MSFT,289.92999267578125,291.6000061035156,286.1600036621094,288.79998779296875,282.7628479003906,23836200
2023-04-18,MSFT,291.57000732421875,291.760009765625,287.010009765625,288.3699951171875,282.3417663574219,20161800
2023-04-19,MSFT,285.989990234375,289.04998779296875,284.5400085449219,288.45001220703125,282.4200744628906,17150300
2023-04-20,MSFT,285.25,289.0299987792969,285.0799865722656,286.1099853515625,280.12896728515625,23244400
2023-04-21,MSFT,285.010009765625,286.2699890136719,283.05999755859375,285.760009765625,279.7863464355469,21676400
2023-04-24,MSFT,282.0899963378906,284.95001220703125,278.7200012207031,281.7699890136719,275.8797607421875,26611000
2023-04-25,MSFT,279.510009765625,281.6000061035156,275.3699951171875,275.4200134277344,269.6625061035156,45772200
2023-04-26,MSFT,296.70001220703125,299.57000732421875,292.7300109863281,295.3699951171875,289.1954650878906,64599200
2023-04-27,MSFT,295.9700012207031,305.20001220703125,295.25,304.8299865722656,298.45770263671875,46462600
2023-04-28,MSFT,304.010009765625,308.92999267578125,303.30999755859375,307.260009765625,300.83685302734375,36469600
2023-05-01,MSFT,306.9700012207031,308.6000061035156,305.1499938964844,305.55999755859375,299.1724548339844,21294100
2023-05-02,MSFT,307.760009765625,309.17999267578125,303.9100036621094,305.4100036621094,299.0255432128906,26404400
2023-05-03,MSFT,306.6199951171875,308.6099853515625,304.0899963378906,304.3999938964844,298.03668212890625,22360800
2023-05-04,MSFT,306.239990234375,307.760009765625,303.3999938964844,305.4100036621094,299.0255432128906,22519900
2023-05-05,MSFT,305.7200012207031,311.9700012207031,304.2699890136719,310.6499938964844,304.1559753417969,28197100
2023-05-08,MSFT,310.1300048828125,310.20001220703125,306.0899963378906,308.6499938964844,302.1978454589844,21318600
2023-05-09,MSFT,308.0,310.0400085449219,306.30999755859375,307.0,300.58233642578125,21340800
2023-05-10,MSFT,308.6199951171875,313.0,307.6700134277344,312.30999755859375,305.7814025878906,30078000
2023-05-11,MSFT,310.1000061035156,311.1199951171875,306.260009765625,310.1099853515625,303.6273193359375,31680200
2023-05-12,MSFT,310.54998779296875,310.6499938964844,306.6000061035156,308.9700012207031,302.5111389160156,19774700
2023-05-15,MSFT,309.1000061035156,309.8999938964844,307.5899963378906,309.4599914550781,302.99090576171875,16336500
2023-05-16,MSFT,309.8299865722656,313.7099914550781,309.8299865722656,311.739990234375,305.2232360839844,26730300
2023-05-17,MSFT,312.2900085449219,314.42999267578125,310.739990234375,314.0,308.1080627441406,24315000
2023-05-18,MSFT,314.5299987792969,319.0400085449219,313.7200012207031,318.5199890136719,312.5432434082031,27276000
2023-05-19,MSFT,316.739990234375,318.75,316.3699951171875,318.3399963378906,312.36663818359375,27546700
2023-05-22,MSFT,318.6000061035156,322.5899963378906,318.010009765625,321.17999267578125,315.1533508300781,24115700
2023-05-23,MSFT,320.0299987792969,322.7200012207031,315.25,315.260009765625,309.344482421875,30797200
2023-05-24,MSFT,314.7300109863281,316.5,312.6099853515625,313.8500061035156,307.9608459472656,23384900
2023-05-25,MSFT,323.239990234375,326.8999938964844,320.0,325.9200134277344,319.8044128417969,43301700
2023-05-26,MSFT,324.0199890136719,333.3999938964844,323.8800048828125,332.8900146484375,326.64361572265625,36630600
2023-05-30,MSFT,335.2300109863281,335.739990234375,330.5199890136719,331.2099914550781,324.9951477050781,29503100
2023-05-31,MSFT,332.2900085449219,335.94000244140625,327.3299865722656,328.3900146484375,322.2280578613281,45950600
2023-06-01,MSFT,325.92999267578125,333.5299987792969,324.7200012207031,332.5799865722656,326.33941650390625,26773900
2023-06-02,MSFT,334.25,337.5,332.54998779296875,335.3999938964844,329.1064453125,25873800
2023-06-05,MSFT,335.2200012207031,338.55999755859375,334.6600036621094,335.94000244140625,329.6363830566406,21307100
2023-06-06,MSFT,335.3299865722656,335.3699951171875,332.1700134277344,333.67999267578125,327.4187927246094,20396200
2023-06-07,MSFT,331.6499938964844,334.489990234375,322.5,323.3800048828125,317.3120422363281,40717100
2023-06-08,MSFT,323.94000244140625,326.6400146484375,323.3500061035156,325.260009765625,319.1567687988281,23277700
2023-06-09,MSFT,324.989990234375,329.989990234375,324.4100036621094,326.7900085449219,320.6580810546875,22529000
2023-06-12,MSFT,328.5799865722656,332.1000061035156,325.1600036621094,331.8500061035156,325.62310791015625,24260300
2023-06-13,MSFT,334.4700012207031,336.9800109863281,330.3900146484375,334.2900085449219,328.0173645019531,22951300
2023-06-14,MSFT,334.3399963378906,339.0400085449219,332.80999755859375,337.3399963378906,331.0101013183594,26003800
2023-06-15,MSFT,337.4800109863281,349.8399963378906,337.20001220703125,348.1000061035156,341.56817626953125,38899100
2023-06-16,MSFT,351.32000732421875,351.4700012207031,341.95001220703125,342.3299865722656,335.90643310546875,46552000
2023-06-20,MSFT,339.30999755859375,342.0799865722656,335.8599853515625,338.04998779296875,331.7068176269531,26375400
2023-06-21,MSFT,336.3699951171875,337.7300109863281,332.07000732421875,333.55999755859375,327.30108642578125,25117800
2023-06-22,MSFT,334.1199951171875,340.1199951171875,333.3399963378906,339.7099914550781,333.33563232421875,23556800
2023-06-23,MSFT,334.3599853515625,337.9599914550781,333.45001220703125,335.0199890136719,328.733642578125,23146900
2023-06-26,MSFT,333.7200012207031,336.1099853515625,328.489990234375,328.6000061035156,322.4341125488281,21520600
2023-06-27,MSFT,331.8599853515625,336.1499938964844,329.29998779296875,334.57000732421875,328.2921142578125,24354100
2023-06-28,MSFT,334.6600036621094,337.9800109863281,333.80999755859375,335.8500061035156,329.5481262207031,20259500
2023-06-29,MSFT,334.7099914550781,336.1099853515625,332.6199951171875,335.04998779296875,328.7630615234375,16997000
2023-06-30,MSFT,337.75,342.7300109863281,337.20001220703125,340.5400085449219,334.15008544921875,26832800
2023-07-03,MSFT,339.19000244140625,340.8999938964844,336.57000732421875,337.989990234375,331.64788818359375,12508700
2023-07-05,MSFT,335.0899963378906,341.6499938964844,334.7300109863281,338.1499938964844,331.804931640625,18172400
2023-07-06,MSFT,337.29998779296875,342.989990234375,335.5,341.2699890136719,334.86639404296875,28161200
2023-07-07,MSFT,339.32000732421875,341.7900085449219,337.0,337.2200012207031,330.89239501953125,21214800
2023-07-10,MSFT,334.6000061035156,335.2300109863281,327.5899963378906,331.8299865722656,325.60345458984375,32791400
2023-07-11,MSFT,331.05999755859375,332.8599853515625,327.0,332.4700012207031,326.23150634765625,26698200
2023-07-12,MSFT,336.6000061035156,341.6499938964844,335.6700134277344,337.20001220703125,330.87274169921875,29995300
2023-07-13,MSFT,339.55999755859375,343.739990234375,339.0199890136719,342.6600036621094,336.2303161621094,20567200
2023-07-14,MSFT,347.5899963378906,351.42999267578125,344.30999755859375,345.239990234375,338.7618713378906,28352700
2023-07-17,MSFT,345.67999267578125,346.989990234375,342.20001220703125,345.7300109863281,339.2427062988281,20363900
2023-07-18,MSFT,345.8299865722656,366.7799987792969,342.1700134277344,359.489990234375,352.74444580078125,64738600
2023-07-19,MSFT,361.75,362.4599914550781,352.44000244140625,355.0799865722656,348.417236328125,39732900
2023-07-20,MSFT,353.57000732421875,357.9700012207031,345.3699951171875,346.8699951171875,340.3612976074219,33778400
2023-07-21,MSFT,349.1499938964844,350.29998779296875,339.8299865722656,343.7699890136719,337.3194274902344,69405400
2023-07-24,MSFT,345.8500061035156,346.9200134277344,342.30999755859375,345.1099853515625,338.6343078613281,26678100
2023-07-25,MSFT,347.1099853515625,351.8900146484375,345.07000732421875,350.9800109863281,344.3941955566406,41637700
2023-07-26,MSFT,341.44000244140625,344.6700134277344,333.1099853515625,337.7699890136719,331.4320068359375,58383700
2023-07-27,MSFT,340.4800109863281,341.3299865722656,329.04998779296875,330.7200012207031,324.51434326171875,39635300
2023-07-28,MSFT,333.6700134277344,340.010009765625,333.1700134277344,338.3699951171875,332.0207824707031,28484900
2023-07-31,MSFT,336.9200134277344,337.70001220703125,333.3599853515625,335.9200134277344,329.61669921875,25446000
2023-08-01,MSFT,335.19000244140625,338.5400085449219,333.70001220703125,336.3399963378906,330.0288391113281,18311900
2023-08-02,MSFT,333.6300048828125,333.6300048828125,326.3599853515625,327.5,321.3547058105469,27761300
2023-08-03,MSFT,326.0,329.8800048828125,325.95001220703125,326.6600036621094,320.5304870605469,18253700
2023-08-04,MSFT,331.8800048828125,335.1400146484375,327.239990234375,327.7799987792969,321.6295166015625,23741500
2023-08-07,MSFT,328.3699951171875,331.1099853515625,327.5199890136719,330.1099853515625,323.9157409667969,17741500
2023-08-08,MSFT,326.9599914550781,328.75,323.0,326.04998779296875,319.9319152832031,22327600
2023-08-09,MSFT,326.4700012207031,327.1099853515625,321.04998779296875,322.2300109863281,316.1836242675781,22373300
2023-08-10,MSFT,326.0199890136719,328.260009765625,321.17999267578125,322.92999267578125,316.8705139160156,20113700
2023-08-11,MSFT,320.260009765625,322.4100036621094,319.2099914550781,321.010009765625,314.9865417480469,24355500
2023-08-14,MSFT,321.3900146484375,324.05999755859375,320.0799865722656,324.0400085449219,317.959716796875,18836100
2023-08-15,MSFT,323.0,325.0899963378906,320.8999938964844,321.8599853515625,315.8205871582031,16966300
2023-08-16,MSFT,320.79998779296875,324.4200134277344,319.79998779296875,320.3999938964844,315.0536193847656,20698900
2023-08-17,MSFT,320.5400085449219,321.8699951171875,316.2099914550781,316.8800048828125,311.5923767089844,21257200
2023-08-18,MSFT,314.489990234375,318.3800048828125,311.54998779296875,316.4800109863281,311.1990661621094,24755000
2023-08-21,MSFT,317.92999267578125,322.7699890136719,317.0400085449219,321.8800048828125,316.50897216796875,24040000
2023-08-22,MSFT,325.5,326.0799865722656,321.4599914550781,322.4599914550781,317.0791931152344,16084600
2023-08-23,MSFT,323.82000732421875,329.20001220703125,323.4599914550781,327.0,321.54345703125,21166400
2023-08-24,MSFT,332.8500061035156,332.9800109863281,319.9599914550781,319.9700012207031,314.6307678222656,23281400
2023-08-25,MSFT,321.4700012207031,325.3599853515625,318.79998779296875,322.9800109863281,317.5905456542969,21684100
2023-08-28,MSFT,325.6600036621094,326.1499938964844,321.7200012207031,323.70001220703125,318.2985534667969,14808500
2023-08-29,MSFT,321.8800048828125,328.9800109863281,321.8800048828125,328.4100036621094,322.92999267578125,19284600
2023-08-30,MSFT,328.6700134277344,329.80999755859375,326.45001220703125,328.7900085449219,323.3035888671875,15222100
2023-08-31,MSFT,329.20001220703125,330.9100036621094,326.7799987792969,327.760009765625,322.2908020019531,26411000
2023-09-01,MSFT,331.30999755859375,331.989990234375,326.7799987792969,328.6600036621094,323.1757507324219,14942000
2023-09-05,MSFT,329.0,334.8500061035156,328.6600036621094,333.54998779296875,327.9841613769531,18553900
2023-09-06,MSFT,333.3800048828125,334.4599914550781,330.17999267578125,332.8800048828125,327.3253173828125,17535800
2023-09-07,MSFT,331.2900085449219,333.0799865722656,329.0299987792969,329.9100036621094,324.4049377441406,18381000
2023-09-08,MSFT,330.0899963378906,336.1600036621094,329.4599914550781,334.2699890136719,328.6921081542969,19530100
2023-09-11,MSFT,337.239990234375,338.4200134277344,335.42999267578125,337.94000244140625,332.3009338378906,16583300
2023-09-12,MSFT,335.82000732421875,336.7900085449219,331.4800109863281,331.7699890136719,326.23388671875,17565500
2023-09-13,MSFT,331.30999755859375,336.8500061035156,331.1700134277344,336.05999755859375,330.4523620605469,16544400
2023-09-14,MSFT,339.1499938964844,340.8599853515625,336.57000732421875,338.70001220703125,333.04827880859375,20267000
2023-09-15,MSFT,336.9200134277344,337.3999938964844,329.6499938964844,330.2200012207031,324.7097473144531,37679800
2023-09-18,MSFT,327.79998779296875,330.3999938964844,326.3599853515625,329.05999755859375,323.569091796875,16834200
2023-09-19,MSFT,326.1700134277344,329.3900146484375,324.510009765625,328.6499938964844,323.1659240722656,16505900
2023-09-20,MSFT,329.510009765625,329.5899963378906,320.510009765625,320.7699890136719,315.4174499511719,21436500
2023-09-21,MSFT,319.260009765625,325.3500061035156,315.0,319.5299987792969,314.1981506347656,35560400
2023-09-22,MSFT,321.32000732421875,321.45001220703125,316.1499938964844,317.010009765625,311.72015380859375,21447900
2023-09-25,MSFT,316.5899963378906,317.6700134277344,315.0,317.5400085449219,312.2413024902344,17836000
2023-09-26,MSFT,315.1300048828125,315.8800048828125,310.0199890136719,312.1400146484375,306.93145751953125,26297600
2023-09-27,MSFT,312.29998779296875,314.29998779296875,309.69000244140625,312.7900085449219,307.5705871582031,19410100
2023-09-28,MSFT,310.989990234375,315.4800109863281,309.45001220703125,313.6400146484375,308.406494140625,19683600
2023-09-29,MSFT,317.75,319.4700012207031,314.9800109863281,315.75,310.481201171875,24147300
2023-10-02,MSFT,316.2799987792969,321.8900146484375,315.17999267578125,321.79998779296875,316.43023681640625,20570000
2023-10-03,MSFT,320.8299865722656,321.3900146484375,311.2099914550781,313.3900146484375,308.16058349609375,21033500
2023-10-04,MSFT,314.0299987792969,320.0400085449219,314.0,318.9599914550781,313.6376037597656,20720100
2023-10-05,MSFT,319.0899963378906,319.9800109863281,314.8999938964844,319.3599853515625,314.0309753417969,16965600
2023-10-06,MSFT,316.54998779296875,329.19000244140625,316.29998779296875,327.260009765625,321.79913330078125,25673600
2023-10-09,MSFT,324.75,330.29998779296875,323.17999267578125,329.82000732421875,324.3164367675781,19891200
2023-10-10,MSFT,330.9599914550781,331.1000061035156,327.6700134277344,328.3900146484375,322.9102783203125,20557100
2023-10-11,MSFT,331.2099914550781,332.82000732421875,329.1400146484375,332.4200134277344,326.873046875,20063200
2023-10-12,MSFT,330.57000732421875,333.6300048828125,328.7200012207031,331.1600036621094,325.634033203125,19313100
2023-10-13,MSFT,332.3800048828125,333.8299865722656,326.3599853515625,327.7300109863281,322.2613220214844,21072400
2023-10-16,MSFT,331.04998779296875,336.1400146484375,330.6000061035156,332.6400146484375,327.08941650390625,22158000
2023-10-17,MSFT,329.5899963378906,333.4599914550781,327.4100036621094,332.05999755859375,326.51904296875,18338500
2023-10-18,MSFT,332.489990234375,335.5899963378906,328.29998779296875,330.1099853515625,324.6015319824219,23153600
2023-10-19,MSFT,332.1499938964844,336.8800048828125,330.9100036621094,331.32000732421875,325.7913818359375,25052100
2023-10-20,MSFT,331.7200012207031,331.9200134277344,325.45001220703125,326.6700134277344,321.2190246582031,25027700
2023-10-23,MSFT,325.4700012207031,332.7300109863281,324.3900146484375,329.32000732421875,323.8247375488281,24374700
2023-10-24,MSFT,331.29998779296875,331.8399963378906,327.6000061035156,330.5299987792969,325.01458740234375,31153600
2023-10-25,MSFT,345.0199890136719,346.20001220703125,337.6199951171875,340.6700134277344,334.98541259765625,55053800
2023-10-26,MSFT,340.5400085449219,341.6300048828125,326.94000244140625,327.8900146484375,322.41864013671875,37828500
2023-10-27,MSFT,330.42999267578125,336.7200012207031,328.3999938964844,329.80999755859375,324.30657958984375,29856500
2023-10-30,MSFT,333.4100036621094,339.45001220703125,331.8299865722656,337.30999755859375,331.6814270019531,22828100
2023-10-31,MSFT,338.8500061035156,339.0,334.69000244140625,338.1099853515625,332.4681091308594,20265300
2023-11-01,MSFT,339.7900085449219,347.4200134277344,339.6499938964844,346.07000732421875,340.2952575683594,28158800
2023-11-02,MSFT,347.239990234375,348.8299865722656,344.7699890136719,348.32000732421875,342.5076904296875,24348100
2023-11-03,MSFT,349.6300048828125,354.3900146484375,347.3299865722656,352.79998779296875,346.9129638671875,23637700
2023-11-06,MSFT,353.45001220703125,357.5400085449219,353.3500061035156,356.5299987792969,350.58074951171875,23828300
2023-11-07,MSFT,359.3999938964844,362.4599914550781,357.6300048828125,360.5299987792969,354.5139465332031,25833900
2023-11-08,MSFT,361.67999267578125,363.8699951171875,360.54998779296875,363.20001220703125,357.1394348144531,26767800
2023-11-09,MSFT,362.29998779296875,364.7900085449219,360.3599853515625,360.69000244140625,354.6712951660156,24847300
2023-11-10,MSFT,361.489990234375,370.1000061035156,361.07000732421875,369.6700134277344,363.50146484375,28042100
2023-11-13,MSFT,368.2200012207031,368.4700012207031,365.8999938964844,366.67999267578125,360.5613098144531,19986500
2023-11-14,MSFT,371.010009765625,371.95001220703125,367.3500061035156,370.2699890136719,364.0914001464844,27683900
2023-11-15,MSFT,371.2799987792969,373.1300048828125,367.1099853515625,369.6700134277344,364.2392272949219,26860100
2023-11-16,MSFT,370.9599914550781,376.3500061035156,370.17999267578125,376.1700134277344,370.6437683105469,27182300
2023-11-17,MSFT,373.6099853515625,374.3699951171875,367.0,369.8500061035156,364.4166564941406,40157000
2023-11-20,MSFT,371.2200012207031,378.8699951171875,371.0,377.44000244140625,371.8951416015625,52465100
2023-11-21,MSFT,375.6700134277344,376.2200012207031,371.1199951171875,373.07000732421875,367.5893249511719,28423100
2023-11-22,MSFT,378.0,379.7900085449219,374.9700012207031,377.8500061035156,372.299072265625,23345300
2023-11-24,MSFT,377.3299865722656,377.9700012207031,375.1400146484375,377.42999267578125,371.88525390625,10176600
2023-11-27,MSFT,376.7799987792969,380.6400146484375,376.20001220703125,378.6099853515625,373.04791259765625,22179200
2023-11-28,MSFT,378.3500061035156,383.0,378.1600036621094,382.70001220703125,377.077880859375,20453100
2023-11-29,MSFT,383.760009765625,384.29998779296875,377.44000244140625,378.8500061035156,373.284423828125,28963400
2023-11-30,MSFT,378.489990234375,380.0899963378906,375.4700012207031,378.9100036621094,373.343505859375,30554400
2023-12-01,MSFT,376.760009765625,378.1600036621094,371.30999755859375,374.510009765625,369.0081481933594,33040500
2023-12-04,MSFT,369.1000061035156,369.5199890136719,362.8999938964844,369.1400146484375,363.717041015625,32063300
2023-12-05,MSFT,366.45001220703125,373.0799865722656,365.6199951171875,372.5199890136719,367.0473327636719,23065000
2023-12-06,MSFT,373.5400085449219,374.17999267578125,368.0299987792969,368.79998779296875,363.38201904296875,21182100
2023-12-07,MSFT,368.2300109863281,371.45001220703125,366.32000732421875,370.95001220703125,365.5004577636719,23118900
2023-12-08,MSFT,369.20001220703125,374.4599914550781,368.2300109863281,374.2300109863281,368.7322692871094,20154400
2023-12-11,MSFT,368.4800109863281,371.6000061035156,366.1000061035156,371.29998779296875,365.8453063964844,27708800
2023-12-12,MSFT,370.8500061035156,374.4200134277344,370.4599914550781,374.3800048828125,368.8800354003906,24838300
2023-12-13,MSFT,376.0199890136719,377.6400146484375,370.7699890136719,374.3699951171875,368.87017822265625,30955500
2023-12-14,MSFT,373.30999755859375,373.760009765625,364.1300048828125,365.92999267578125,360.55419921875,43277500
2023-12-15,MSFT,366.8500061035156,372.3999938964844,366.2799987792969,370.7300109863281,365.2836608886719,78502300
2023-12-18,MSFT,369.45001220703125,373.0,368.67999267578125,372.6499938964844,367.17547607421875,21802900
2023-12-19,MSFT,371.489990234375,373.260009765625,369.8399963378906,373.260009765625,367.7765197753906,20603700
2023-12-20,MSFT,375.0,376.0299987792969,370.5299987792969,370.6199951171875,365.17529296875,26316700
2023-12-21,MSFT,372.55999755859375,374.4100036621094,370.0400085449219,373.5400085449219,368.0523986816406,17708000
2023-12-22,MSFT,373.67999267578125,375.17999267578125,372.7099914550781,374.5799865722656,369.07708740234375,17107500
2023-12-26,MSFT,375.0,376.94000244140625,373.5,374.6600036621094,369.15594482421875,12673100
2023-12-27,MSFT,373.69000244140625,375.05999755859375,372.80999755859375,374.07000732421875,368.5746154785156,14905400
2023-12-28,MSFT,375.3699951171875,376.4599914550781,374.1600036621094,375.2799987792969,369.766845703125,14327000
2023-12-29,MSFT,376.0,377.1600036621094,373.4800109863281,376.0400085449219,370.51568603515625,18730800
2024-01-02,MSFT,373.8599853515625,375.8999938964844,366.7699890136719,370.8699951171875,365.4216613769531,25258600
2024-01-03,MSFT,369.010009765625,373.260009765625,368.510009765625,370.6000061035156,365.1556091308594,23083500
2024-01-04,MSFT,370.6700134277344,373.1000061035156,367.1700134277344,367.94000244140625,362.53466796875,20901500
2024-01-05,MSFT,368.9700012207031,372.05999755859375,366.5,367.75,362.34747314453125,21004600
2024-01-08,MSFT,369.29998779296875,375.20001220703125,369.010009765625,374.69000244140625,369.18548583984375,23134000
2024-01-09,MSFT,372.010009765625,375.989990234375,371.19000244140625,375.7900085449219,370.26934814453125,20830000
2024-01-10,MSFT,376.3699951171875,384.1700134277344,376.32000732421875,382.7699890136719,377.1467590332031,25514200
2024-01-11,MSFT,386.0,390.67999267578125,380.3800048828125,384.6300048828125,378.9794921875,27850800
2024-01-12,MSFT,385.489990234375,388.67999267578125,384.6499938964844,388.4700012207031,382.7630310058594,21661200
2024-01-16,MSFT,393.6600036621094,394.0299987792969,387.6199951171875,390.2699890136719,384.53662109375,27202300
2024-01-17,MSFT,387.9800109863281,390.1099853515625,384.80999755859375,389.4700012207031,383.74835205078125,22234100
2024-01-18,MSFT,391.7200012207031,393.989990234375,390.1199951171875,393.8699951171875,388.083740234375,23392100
2024-01-19,MSFT,395.760009765625,398.6700134277344,393.5,398.6700134277344,392.813232421875,29331100
2024-01-22,MSFT,400.0199890136719,400.6199951171875,393.5899963378906,396.510009765625,390.68499755859375,27016900
2024-01-23,MSFT,395.75,399.3800048828125,393.92999267578125,398.8999938964844,393.039794921875,20525900
2024-01-24,MSFT,401.5400085449219,405.6300048828125,400.45001220703125,402.55999755859375,396.6460876464844,24867000
2024-01-25,MSFT,404.32000732421875,407.010009765625,402.5299987792969,404.8699951171875,398.922119140625,21021200
2024-01-26,MSFT,404.3699951171875,406.1700134277344,402.42999267578125,403.92999267578125,397.9959411621094,17803300
2024-01-29,MSFT,406.05999755859375,409.9800109863281,404.3299865722656,409.7200012207031,403.7008972167969,24510200
2024-01-30,MSFT,412.260009765625,413.04998779296875,406.45001220703125,408.5899963378906,402.58746337890625,33477600
2024-01-31,MSFT,406.9599914550781,415.32000732421875,397.2099914550781,397.5799865722656,391.73919677734375,47871100
2024-02-01,MSFT,401.8299865722656,408.0,401.79998779296875,403.7799987792969,397.84814453125,30657700
2024-02-02,MSFT,403.80999755859375,412.6499938964844,403.55999755859375,411.2200012207031,405.17889404296875,28256700
2024-02-05,MSFT,409.8999938964844,411.1600036621094,403.989990234375,405.6499938964844,399.6906433105469,25352300
2024-02-06,MSFT,405.8800048828125,407.9700012207031,402.9100036621094,405.489990234375,399.53302001953125,18382600
2024-02-07,MSFT,407.44000244140625,414.29998779296875,407.3999938964844,414.04998779296875,407.9672546386719,22340500
2024-02-08,MSFT,414.04998779296875,415.55999755859375,412.5299987792969,414.1099853515625,408.0263366699219,21225300
2024-02-09,MSFT,415.25,420.82000732421875,415.0899963378906,420.54998779296875,414.3717956542969,22032800
2024-02-12,MSFT,420.55999755859375,420.739990234375,414.75,415.260009765625,409.15948486328125,21202900
2024-02-13,MSFT,404.94000244140625,410.07000732421875,403.3900146484375,406.32000732421875,400.3507995605469,27824900
2024-02-14,MSFT,408.07000732421875,409.8399963378906,404.57000732421875,409.489990234375,404.2203674316406,20401200
2024-02-15,MSFT,408.1400146484375,409.1300048828125,404.2900085449219,406.55999755859375,401.3280944824219,21825500
2024-02-16,MSFT,407.9599914550781,408.2900085449219,403.44000244140625,404.05999755859375,398.8602600097656,22296500
2024-02-20,MSFT,403.239990234375,404.489990234375,398.010009765625,402.7900085449219,397.6065673828125,24307900
2024-02-21,MSFT,400.1700134277344,402.2900085449219,397.2200012207031,402.17999267578125,397.0044250488281,18518900
2024-02-22,MSFT,410.19000244140625,412.8299865722656,408.57000732421875,411.6499938964844,406.3525390625,27009900
2024-02-23,MSFT,415.6700134277344,415.8599853515625,408.9700012207031,410.3399963378906,405.0594177246094,16295900
2024-02-26,MSFT,411.4599914550781,412.1600036621094,407.3599853515625,407.5400085449219,402.2955017089844,16193500
2024-02-27,MSFT,407.989990234375,408.32000732421875,403.8500061035156,407.4800109863281,402.2362365722656,14835800
2024-02-28,MSFT,408.17999267578125,409.29998779296875,405.32000732421875,407.7200012207031,402.4731750488281,13183100
2024-02-29,MSFT,408.6400146484375,414.20001220703125,405.9200134277344,413.6400146484375,408.3170166015625,31947300
2024-03-01,MSFT,411.2699890136719,415.8699951171875,410.8800048828125,415.5,410.15301513671875,17823400
2024-03-04,MSFT,413.44000244140625,417.3500061035156,412.32000732421875,414.9200134277344,409.5805358886719,17596000
2024-03-05,MSFT,413.9599914550781,414.25,400.6400146484375,402.6499938964844,397.46844482421875,26919200
2024-03-06,MSFT,402.9700012207031,405.1600036621094,398.3900146484375,402.0899963378906,396.91558837890625,22344100
2024-03-07,MSFT,406.1199951171875,409.7799987792969,402.239990234375,409.1400146484375,403.8749084472656,18718500
2024-03-08,MSFT,407.9599914550781,410.4200134277344,404.3299865722656,406.2200012207031,400.9924621582031,18002200
2024-03-11,MSFT,403.760009765625,405.67999267578125,401.260009765625,404.5199890136719,399.3143005371094,16120800
2024-03-12,MSFT,407.6199951171875,415.57000732421875,406.7900085449219,415.2799987792969,409.9358825683594,22457000
2024-03-13,MSFT,418.1000061035156,418.17999267578125,411.45001220703125,415.1000061035156,409.7582092285156,17115900
2024-03-14,MSFT,420.239990234375,427.82000732421875,417.989990234375,425.2200012207031,419.74798583984375,34157300
2024-03-15,MSFT,419.2900085449219,422.6000061035156,412.7900085449219,416.4200134277344,411.0611572265625,45079900
2024-03-18,MSFT,414.25,420.7300109863281,413.7799987792969,417.32000732421875,411.9496154785156,20106000
2024-03-19,MSFT,417.8299865722656,421.6700134277344,415.54998779296875,421.4100036621094,415.98699951171875,19837900
2024-03-20,MSFT,422.0,425.9599914550781,420.6600036621094,425.2300109863281,419.7578125,17860100
2024-03-21,MSFT,429.8299865722656,430.82000732421875,427.1600036621094,429.3699951171875,423.8445739746094,21296200
2024-03-22,MSFT,429.70001220703125,429.8599853515625,426.07000732421875,428.739990234375,423.2226867675781,17648500
2024-03-25,MSFT,425.239990234375,427.4100036621094,421.6099853515625,422.8599853515625,417.4183349609375,18060500
2024-03-26,MSFT,425.6099853515625,425.989990234375,421.3500061035156,421.6499938964844,416.2239074707031,16725600
2024-03-27,MSFT,424.44000244140625,424.45001220703125,419.010009765625,421.42999267578125,416.0067138671875,16705000
2024-03-28,MSFT,420.9599914550781,421.8699951171875,419.1199951171875,420.7200012207031,415.3058776855469,21871200
2024-04-01,MSFT,423.95001220703125,427.8900146484375,422.2200012207031,424.57000732421875,419.1063537597656,16316000
2024-04-02,MSFT,420.1099853515625,422.3800048828125,417.8399963378906,421.44000244140625,416.0166015625,17912000
2024-04-03,MSFT,419.7300109863281,423.260009765625,419.0899963378906,420.45001220703125,415.0393371582031,16502300
2024-04-04,MSFT,424.989990234375,428.6700134277344,417.57000732421875,417.8800048828125,412.50244140625,19370900
2024-04-05,MSFT,420.010009765625,426.510009765625,418.32000732421875,425.5199890136719,420.0440673828125,16554800
2024-04-08,MSFT,425.1700134277344,427.2799987792969,423.29998779296875,424.5899963378906,419.1260681152344,14272400
2024-04-09,MSFT,426.44000244140625,427.739990234375,421.6199951171875,426.2799987792969,420.7943420410156,12496900
2024-04-10,MSFT,422.19000244140625,424.0299987792969,419.70001220703125,423.260009765625,417.81317138671875,16216600
2024-04-11,MSFT,425.82000732421875,429.3699951171875,422.3599853515625,427.92999267578125,422.4230651855469,17966400
2024-04-12,MSFT,424.04998779296875,425.17999267578125,419.7699890136719,421.8999938964844,416.4706726074219,19253800
2024-04-15,MSFT,426.6000061035156,426.82000732421875,413.42999267578125,413.6400146484375,408.3170166015625,20273500
2024-04-16,MSFT,414.57000732421875,418.3999938964844,413.7300109863281,414.5799865722656,409.244873046875,16765600
2024-04-17,MSFT,417.25,418.8800048828125,410.3299865722656,411.8399963378906,406.5401306152344,15855500
2024-04-18,MSFT,410.6300048828125,411.8900146484375,403.95001220703125,404.2699890136719,399.06756591796875,21029900
2024-04-19,MSFT,404.0299987792969,405.4800109863281,397.7699890136719,399.1199951171875,393.9838562011719,30565800
2024-04-22,MSFT,400.0799865722656,402.8500061035156,395.75,400.9599914550781,395.8001403808594,20286900
2024-04-23,MSFT,404.239990234375,408.20001220703125,403.05999755859375,407.57000732421875,402.3250732421875,15734500
2024-04-24,MSFT,409.55999755859375,412.4700012207031,406.7799987792969,409.05999755859375,403.7958984375,15065300
2024-04-25,MSFT,394.0299987792969,399.8900146484375,388.0299987792969,399.0400085449219,393.9048767089844,40586500
2024-04-26,MSFT,412.1700134277344,413.0,405.760009765625,406.32000732421875,401.0911560058594,29694700
2024-04-29,MSFT,405.25,406.32000732421875,399.19000244140625,402.25,397.07354736328125,19582100
2024-04-30,MSFT,401.489990234375,402.1600036621094,389.1700134277344,389.3299865722656,384.31982421875,28781400
2024-05-01,MSFT,392.6099853515625,401.7200012207031,390.30999755859375,394.94000244140625,389.8575744628906,23562500
2024-05-02,MSFT,397.6600036621094,399.92999267578125,394.6499938964844,397.8399963378906,392.7203063964844,17709400
2024-05-03,MSFT,402.2799987792969,407.1499938964844,401.8599853515625,406.6600036621094,401.42681884765625,17446700
2024-05-06,MSFT,408.760009765625,413.92999267578125,406.3699951171875,413.5400085449219,408.2182922363281,16996600
2024-05-07,MSFT,414.6600036621094,414.6700134277344,409.0899963378906,409.3399963378906,404.07232666015625,20018200
2024-05-08,MSFT,408.1700134277344,412.2300109863281,406.7099914550781,410.5400085449219,405.2568664550781,11792300
2024-05-09,MSFT,410.57000732421875,412.7200012207031,409.1000061035156,412.32000732421875,407.01397705078125,14689700
2024-05-10,MSFT,412.94000244140625,415.3800048828125,411.79998779296875,414.739990234375,409.40283203125,13402300
2024-05-13,MSFT,418.010009765625,418.3500061035156,410.82000732421875,413.7200012207031,408.39593505859375,15440200
2024-05-14,MSFT,412.0199890136719,417.489990234375,411.54998779296875,416.55999755859375,411.19940185546875,15109300
2024-05-15,MSFT,417.8999938964844,423.80999755859375,417.2699890136719,423.0799865722656,418.3887939453125,22239500
2024-05-16,MSFT,421.79998779296875,425.4200134277344,420.3500061035156,420.989990234375,416.3219299316406,17530100
2024-05-17,MSFT,422.5400085449219,422.9200134277344,418.0299987792969,420.2099914550781,415.5506286621094,15352200
2024-05-20,MSFT,420.2099914550781,426.7699890136719,419.989990234375,425.3399963378906,420.62371826171875,16272100
2024-05-21,MSFT,426.8299865722656,432.9700012207031,424.8500061035156,429.0400085449219,424.28271484375,21453300
2024-05-22,MSFT,430.0899963378906,432.4100036621094,427.1300048828125,430.5199890136719,425.74627685546875,18073700
2024-05-23,MSFT,432.9700012207031,433.6000061035156,425.4200134277344,427.0,422.2653503417969,17211700
2024-05-24,MSFT,427.19000244140625,431.05999755859375,424.4100036621094,430.1600036621094,425.39031982421875,11855300
2024-05-28,MSFT,429.6300048828125,430.82000732421875,426.6000061035156,430.32000732421875,425.54852294921875,15718000
2024-05-29,MSFT,425.69000244140625,430.94000244140625,425.69000244140625,429.1700134277344,424.41131591796875,15517100
2024-05-30,MSFT,424.29998779296875,424.29998779296875,414.239990234375,414.6700134277344,410.0720520019531,28394500
2024-05-31,MSFT,416.75,416.75,404.510009765625,415.1300048828125,410.5269775390625,47995300
2024-06-03,MSFT,415.5299987792969,416.42999267578125,408.9200134277344,413.5199890136719,408.9347839355469,17484700
2024-06-04,MSFT,412.42999267578125,416.44000244140625,409.67999267578125,416.07000732421875,411.45654296875,14348900
2024-06-05,MSFT,417.80999755859375,424.0799865722656,416.29998779296875,424.010009765625,419.3084716796875,16988000
2024-06-06,MSFT,424.010009765625,425.30999755859375,420.5799865722656,424.5199890136719,419.81280517578125,14861300
2024-06-07,MSFT,426.20001220703125,426.2799987792969,423.0,423.8500061035156,419.1502990722656,13621700
2024-06-10,MSFT,424.70001220703125,428.0799865722656,423.8900146484375,427.8699951171875,423.12567138671875,13982900
2024-06-11,MSFT,425.4800109863281,432.82000732421875,425.25,432.67999267578125,427.88232421875,14551100
2024-06-12,MSFT,435.32000732421875,443.3999938964844,433.25,441.05999755859375,436.16943359375,22366200
2024-06-13,MSFT,440.8500061035156,443.3900146484375,439.3699951171875,441.5799865722656,436.68365478515625,15960600
2024-06-14,MSFT,438.2799987792969,443.1400146484375,436.7200012207031,442.57000732421875,437.6626892089844,13582000
2024-06-17,MSFT,442.5899963378906,450.94000244140625,440.7200012207031,448.3699951171875,443.39837646484375,20790000
2024-06-18,MSFT,449.7099914550781,450.1400146484375,444.8900146484375,446.3399963378906,441.3908996582031,17112500
2024-06-20,MSFT,446.29998779296875,446.5299987792969,441.2699890136719,445.70001220703125,440.75799560546875,19877400
2024-06-21,MSFT,447.3800048828125,450.5799865722656,446.510009765625,449.7799987792969,444.792724609375,34187100
2024-06-24,MSFT,449.79998779296875,452.75,446.4100036621094,447.6700134277344,442.7061767578125,15913700
2024-06-25,MSFT,448.25,451.4200134277344,446.75,450.95001220703125,445.94976806640625,16413400
2024-06-26,MSFT,449.0,453.6000061035156,448.19000244140625,452.1600036621094,447.1463623046875,16507000
2024-06-27,MSFT,452.17999267578125,456.1700134277344,451.7699890136719,452.8500061035156,447.82867431640625,14806300
2024-06-28,MSFT,453.07000732421875,455.3800048828125,446.4100036621094,446.95001220703125,441.9941711425781,28362300
2024-07-01,MSFT,448.6600036621094,457.3699951171875,445.6600036621094,456.7300109863281,451.6656494140625,17662800
2024-07-02,MSFT,453.20001220703125,459.5899963378906,453.1099853515625,459.2799987792969,454.1874084472656,13979800
2024-07-03,MSFT,458.19000244140625,461.0199890136719,457.8800048828125,460.7699890136719,455.6608581542969,9932800
2024-07-05,MSFT,459.6099853515625,468.3500061035156,458.9700012207031,467.55999755859375,462.3755798339844,16000300
2024-07-08,MSFT,466.54998779296875,467.70001220703125,464.4599914550781,466.239990234375,461.0702209472656,12962300
2024-07-09,MSFT,467.0,467.3299865722656,458.0,459.5400085449219,454.4444885253906,17207200
2024-07-10,MSFT,461.2200012207031,466.4599914550781,458.8599853515625,466.25,461.0801086425781,18196100
2024-07-11,MSFT,462.9800109863281,464.7799987792969,451.54998779296875,454.70001220703125,449.6582336425781,23111200
2024-07-12,MSFT,454.3299865722656,456.3599853515625,450.6499938964844,453.54998779296875,448.52093505859375,16324300
2024-07-15,MSFT,453.29998779296875,457.260009765625,451.42999267578125,453.9599914550781,448.9263916015625,14429400
2024-07-16,MSFT,454.2200012207031,454.29998779296875,446.6600036621094,449.5199890136719,444.53558349609375,17175700
2024-07-17,MSFT,442.5899963378906,444.8500061035156,439.17999267578125,443.5199890136719,438.60211181640625,21778000
2024-07-18,MSFT,444.3399963378906,444.6499938964844,434.3999938964844,440.3699951171875,435.4870300292969,20794800
2024-07-19,MSFT,433.1000061035156,441.1400146484375,432.0,437.1099853515625,432.26324462890625,20940400
2024-07-22,MSFT,441.7900085449219,444.6000061035156,438.9100036621094,442.94000244140625,438.0285949707031,15808800
2024-07-23,MSFT,443.8999938964844,448.3900146484375,443.1000061035156,444.8500061035156,439.9173889160156,13107100
2024-07-24,MSFT,440.45001220703125,441.4800109863281,427.5899963378906,428.8999938964844,424.1442565917969,26805800
2024-07-25,MSFT,428.79998779296875,429.79998779296875,417.510009765625,418.3999938964844,413.7607116699219,29943800
2024-07-26,MSFT,418.20001220703125,428.9200134277344,417.2699890136719,425.2699890136719,420.55450439453125,23583800
2024-07-29,MSFT,431.5799865722656,432.1499938964844,424.70001220703125,426.7300109863281,421.99835205078125,15125800
2024-07-30,MSFT,427.7200012207031,429.04998779296875,417.3599853515625,422.9200134277344,418.2305908203125,32687600
2024-07-31,MSFT,420.5,421.7799987792969,412.2099914550781,418.3500061035156,413.7112731933594,42891400
2024-08-01,MSFT,420.7900085449219,427.4599914550781,413.0899963378906,417.1099853515625,412.4849548339844,30296400
2024-08-02,MSFT,412.489990234375,415.0,404.3399963378906,408.489990234375,403.9605407714844,29437900
2024-08-05,MSFT,389.1700134277344,401.0400085449219,385.5799865722656,395.1499938964844,390.7684631347656,40709200
2024-08-06,MSFT,400.0,405.6700134277344,398.5,399.6099853515625,395.1790466308594,24946500
2024-08-07,MSFT,408.6400146484375,410.0799865722656,397.4700012207031,398.42999267578125,394.01214599609375,20650900
2024-08-08,MSFT,402.44000244140625,405.8599853515625,399.94000244140625,402.69000244140625,398.2248840332031,20203000
2024-08-09,MSFT,404.0299987792969,408.04998779296875,402.260009765625,406.0199890136719,401.5179443359375,19276700
2024-08-12,MSFT,407.05999755859375,408.760009765625,404.239990234375,406.80999755859375,402.2991638183594,16762900
2024-08-13,MSFT,409.5899963378906,414.95001220703125,409.57000732421875,414.010009765625,409.41937255859375,19414300
2024-08-14,MSFT,414.79998779296875,417.7200012207031,412.45001220703125,416.8599853515625,412.23773193359375,18267000
2024-08-15,MSFT,419.79998779296875,421.1099853515625,417.6600036621094,421.0299987792969,417.11199951171875,20752100
2024-08-16,MSFT,420.6000061035156,421.3399963378906,417.29998779296875,418.4700012207031,414.5758056640625,22775600
2024-08-19,MSFT,418.9599914550781,421.75,416.4599914550781,421.5299987792969,417.6073303222656,15234000
2024-08-20,MSFT,421.70001220703125,425.8599853515625,421.6400146484375,424.79998779296875,420.846923828125,16387600
2024-08-21,MSFT,424.0799865722656,426.3999938964844,421.7200012207031,424.1400146484375,420.1930847167969,16067300
2024-08-22,MSFT,424.3599853515625,426.7900085449219,414.6099853515625,415.54998779296875,411.6829833984375,19361900
2024-08-23,MSFT,416.9800109863281,419.260009765625,412.0899963378906,416.7900085449219,412.91143798828125,18493800
2024-08-26,MSFT,416.3699951171875,417.2799987792969,411.3399963378906,413.489990234375,409.64215087890625,13152800
2024-08-27,MSFT,412.8599853515625,414.3599853515625,410.25,413.8399963378906,409.9888916015625,13492900
2024-08-28,MSFT,414.8800048828125,415.0,407.30999755859375,410.6000061035156,406.7790222167969,14882700
2024-08-29,MSFT,414.94000244140625,422.04998779296875,410.6000061035156,413.1199951171875,409.2756042480469,17045200
2024-08-30,MSFT,415.6000061035156,417.489990234375,412.1300048828125,417.1400146484375,413.2582092285156,24308300
2024-09-03,MSFT,417.9100036621094,419.8800048828125,407.0299987792969,409.44000244140625,405.6298522949219,20313600
2024-09-04,MSFT,405.9100036621094,411.239990234375,404.3699951171875,408.8999938964844,405.0948791503906,15135800
2024-09-05,MSFT,407.6199951171875,413.1000061035156,406.1300048828125,408.3900146484375,404.589599609375,14195500
2024-09-06,MSFT,409.05999755859375,410.6499938964844,400.79998779296875,401.70001220703125,397.9618835449219,19609500
2024-09-09,MSFT,407.239990234375,408.6499938964844,402.1499938964844,405.7200012207031,401.9444580078125,15295100
2024-09-10,MSFT,408.20001220703125,416.3299865722656,407.70001220703125,414.20001220703125,410.3455505371094,19594300
2024-09-11,MSFT,415.5,423.989990234375,409.5799865722656,423.0400085449219,419.103271484375,19266900
2024-09-12,MSFT,423.30999755859375,427.3699951171875,419.75,427.0,423.02642822265625,17395700
2024-09-13,MSFT,425.8299865722656,431.8299865722656,425.4599914550781,430.5899963378906,426.5830078125,15874600
2024-09-16,MSFT,430.6000061035156,433.5299987792969,428.2200012207031,431.3399963378906,427.3260498046875,13834700
2024-09-17,MSFT,440.2300109863281,441.8500061035156,432.2699890136719,435.1499938964844,431.1005554199219,18874200
2024-09-18,MSFT,435.0,436.0299987792969,430.4100036621094,430.80999755859375,426.8009338378906,18898000
2024-09-19,MSFT,441.2300109863281,441.5,436.8999938964844,438.69000244140625,434.6076354980469,21706600
2024-09-20,MSFT,437.2200012207031,439.239990234375,434.2200012207031,435.2699890136719,431.21942138671875,55167100
2024-09-23,MSFT,434.2799987792969,436.4599914550781,430.3900146484375,433.510009765625,429.475830078125,15128900
2024-09-24,MSFT,433.0,433.3500061035156,426.1000061035156,429.1700134277344,425.17626953125,17015800
2024-09-25,MSFT,429.8299865722656,433.1199951171875,428.57000732421875,432.1099853515625,428.0888671875,13396400
2024-09-26,MSFT,435.0899963378906,435.29998779296875,429.1300048828125,431.30999755859375,427.29632568359375,14492000
2024-09-27,MSFT,431.5199890136719,431.8500061035156,427.4700012207031,428.0199890136719,424.0368957519531,14896100
2024-09-30,MSFT,428.2099914550781,430.4200134277344,425.3699951171875,430.29998779296875,426.29571533203125,16807300
2024-10-01,MSFT,428.45001220703125,428.4800109863281,418.80999755859375,420.69000244140625,416.7751770019531,19092900
2024-10-02,MSFT,422.5799865722656,422.82000732421875,416.7099914550781,417.1300048828125,413.2482604980469,16582300
2024-10-03,MSFT,417.6300048828125,419.54998779296875,414.2900085449219,416.5400085449219,412.66375732421875,13686400
2024-10-04,MSFT,418.239990234375,419.75,414.9700012207031,416.05999755859375,412.1882629394531,19169700
2024-10-07,MSFT,416.0,417.1099853515625,409.0,409.5400085449219,405.7289123535156,20919800
2024-10-08,MSFT,410.8999938964844,415.6600036621094,408.1700134277344,414.7099914550781,410.85076904296875,19229300
2024-10-09,MSFT,415.8599853515625,420.3800048828125,414.29998779296875,417.4599914550781,413.5751953125,14974300
2024-10-10,MSFT,415.2300109863281,417.3500061035156,413.1499938964844,415.8399963378906,411.9702453613281,13848400
2024-10-11,MSFT,416.1400146484375,417.1300048828125,413.25,416.32000732421875,412.44586181640625,14144900
2024-10-14,MSFT,417.7699890136719,424.0400085449219,417.5199890136719,419.1400146484375,415.23956298828125,16653100
2024-10-15,MSFT,422.17999267578125,422.4800109863281,415.260009765625,418.739990234375,414.8432312011719,18900200
2024-10-16,MSFT,415.1700134277344,416.3599853515625,410.4800109863281,416.1199951171875,412.2476806640625,15508900
2024-10-17,MSFT,422.3599853515625,422.5,415.5899963378906,416.7200012207031,412.84210205078125,14820000
2024-10-18,MSFT,417.1400146484375,419.6499938964844,416.260009765625,418.1600036621094,414.2687072753906,17145300
2024-10-21,MSFT,416.1199951171875,418.9599914550781,413.75,418.7799987792969,414.8829345703125,14206100
2024-10-22,MSFT,418.489990234375,430.5799865722656,418.0400085449219,427.510009765625,423.5317077636719,25482200
2024-10-23,MSFT,430.8599853515625,431.0799865722656,422.5299987792969,424.6000061035156,420.6487731933594,19654400
2024-10-24,MSFT,425.3299865722656,425.9800109863281,422.3999938964844,424.7300109863281,420.7775573730469,13581600
2024-10-25,MSFT,426.760009765625,432.5199890136719,426.57000732421875,428.1499938964844,424.1656799316406,16899100
2024-10-28,MSFT,431.6600036621094,431.94000244140625,426.29998779296875,426.5899963378906,422.62017822265625,14882400
2024-10-29,MSFT,428.0,433.1700134277344,425.79998779296875,431.95001220703125,427.93035888671875,17644100
2024-10-30,MSFT,437.44000244140625,438.5,432.1000061035156,432.5299987792969,428.5049743652344,29749100
2024-10-31,MSFT,415.3599853515625,416.1600036621094,406.29998779296875,406.3500061035156,402.568603515625,53971000
2024-11-01,MSFT,409.010009765625,415.5,407.5,410.3699951171875,406.5511779785156,24230400
2024-11-04,MSFT,409.79998779296875,410.4200134277344,405.57000732421875,408.4599914550781,404.6589050292969,19672300
2024-11-05,MSFT,408.3699951171875,414.8999938964844,408.0799865722656,411.4599914550781,407.6310119628906,17626000
2024-11-06,MSFT,412.4200134277344,420.45001220703125,410.5199890136719,420.17999267578125,416.2698669433594,26681800
2024-11-07,MSFT,421.2799987792969,426.8500061035156,419.8800048828125,425.42999267578125,421.4710388183594,19901800
2024-11-08,MSFT,425.32000732421875,426.5,421.7799987792969,422.5400085449219,418.6079406738281,16891400
2024-11-11,MSFT,422.5199890136719,424.80999755859375,416.0,418.010009765625,414.1201171875,24503300
2024-11-12,MSFT,418.25,424.44000244140625,417.20001220703125,423.0299987792969,419.0933837890625,19401200
2024-11-13,MSFT,421.6400146484375,429.3299865722656,418.2099914550781,425.20001220703125,421.2431945800781,21502200
2024-11-14,MSFT,425.0,428.1700134277344,420.0,426.8900146484375,422.91748046875,30246900
2024-11-15,MSFT,419.82000732421875,422.79998779296875,413.6400146484375,415.0,411.1380920410156,28247600
2024-11-18,MSFT,414.8699951171875,418.3999938964844,412.1000061035156,415.760009765625,411.8910217285156,24727000
2024-11-19,MSFT,413.1099853515625,417.94000244140625,411.54998779296875,417.7900085449219,413.90216064453125,18133500
2024-11-20,MSFT,416.8699951171875,417.2900085449219,410.5799865722656,415.489990234375,411.6235046386719,19191700
2024-11-21,MSFT,419.5,419.7799987792969,410.2900085449219,412.8699951171875,409.8466491699219,20780200
2024-11-22,MSFT,411.3699951171875,417.3999938964844,411.05999755859375,417.0,413.9463806152344,24814600
2024-11-25,MSFT,418.3800048828125,421.0799865722656,414.8500061035156,418.7900085449219,415.7232971191406,27691100
2024-11-26,MSFT,419.5899963378906,429.0400085449219,418.8500061035156,427.989990234375,424.8559265136719,23458900
2024-11-27,MSFT,425.1099853515625,427.2300109863281,422.0199890136719,422.989990234375,419.89251708984375,18332400
2024-11-29,MSFT,420.0899963378906,424.8800048828125,417.79998779296875,423.4599914550781,420.35906982421875,16271900
2024-12-02,MSFT,421.57000732421875,433.0,421.30999755859375,430.9800109863281,427.82403564453125,20207200
2024-12-03,MSFT,429.8399963378906,432.4700012207031,427.739990234375,431.20001220703125,428.04241943359375,18302000
2024-12-04,MSFT,433.0299987792969,439.6700134277344,432.6300048828125,437.4200134277344,434.2168884277344,26009400
2024-12-05,MSFT,437.9200134277344,444.6600036621094,436.1700134277344,442.6199951171875,439.3787841796875,21697800
2024-12-06,MSFT,442.29998779296875,446.1000061035156,441.7699890136719,443.57000732421875,440.3218688964844,18821000
2024-12-09,MSFT,442.6000061035156,448.3299865722656,440.5,446.0199890136719,442.75384521484375,19144400
2024-12-10,MSFT,444.3900146484375,449.6199951171875,441.6000061035156,443.3299865722656,440.0835876464844,18469500
2024-12-11,MSFT,444.04998779296875,450.3500061035156,444.04998779296875,448.989990234375,445.7021484375,19200200
2024-12-12,MSFT,449.1099853515625,456.1600036621094,449.1099853515625,449.55999755859375,446.2679748535156,20834800
2024-12-13,MSFT,448.44000244140625,451.42999267578125,445.5799865722656,447.2699890136719,443.9947509765625,20177800
2024-12-16,MSFT,447.2699890136719,452.17999267578125,445.2799987792969,451.5899963378906,448.28314208984375,23598800
2024-12-17,MSFT,451.010009765625,455.2900085449219,449.57000732421875,454.4599914550781,451.132080078125,22733500
2024-12-18,MSFT,451.32000732421875,452.6499938964844,437.0199890136719,437.3900146484375,434.1871032714844,24444500
2024-12-19,MSFT,441.6199951171875,443.17999267578125,436.32000732421875,437.0299987792969,433.8297424316406,22963700
2024-12-20,MSFT,433.1099853515625,443.739990234375,428.6300048828125,436.6000061035156,433.40289306640625,64263700
2024-12-23,MSFT,436.739990234375,437.6499938964844,432.8299865722656,435.25,432.0627746582031,19152500
2024-12-24,MSFT,434.6499938964844,439.6000061035156,434.19000244140625,439.3299865722656,436.11285400390625,7164500
2024-12-26,MSFT,439.0799865722656,440.94000244140625,436.6300048828125,438.1099853515625,434.9018249511719,8194200
2024-12-27,MSFT,434.6000061035156,435.2200012207031,426.3500061035156,430.5299987792969,427.3773193359375,18117700
2024-12-30,MSFT,426.05999755859375,427.54998779296875,421.8999938964844,424.8299865722656,421.7190856933594,13158700
2024-12-31,MSFT,426.1000061035156,426.7300109863281,420.6600036621094,421.5,418.4134521484375,13246500
2025-01-02,MSFT,425.5299987792969,426.07000732421875,414.8500061035156,418.5799865722656,415.51483154296875,16896500
2025-01-03,MSFT,421.0799865722656,424.0299987792969,419.5400085449219,423.3500061035156,420.24993896484375,16662900
2025-01-06,MSFT,428.0,434.32000732421875,425.4800109863281,427.8500061035156,424.71697998046875,20573600
2025-01-07,MSFT,429.0,430.6499938964844,420.79998779296875,422.3699951171875,419.277099609375,18139100
2025-01-08,MSFT,423.4599914550781,426.9700012207031,421.5400085449219,424.55999755859375,421.4510192871094,15054600
2025-01-10,MSFT,424.6300048828125,424.7099914550781,415.0199890136719,418.95001220703125,415.88214111328125,20201100
2025-01-13,MSFT,415.239990234375,418.5,412.2900085449219,417.19000244140625,414.1350402832031,17604800
2025-01-14,MSFT,417.80999755859375,419.739990234375,410.7200012207031,415.6700134277344,412.62615966796875,16935900
2025-01-15,MSFT,419.1300048828125,428.1499938964844,418.2699890136719,426.30999755859375,423.1882019042969,19637800
2025-01-16,MSFT,428.70001220703125,429.489990234375,424.3900146484375,424.5799865722656,421.47088623046875,15300000
2025-01-17,MSFT,434.0899963378906,434.4800109863281,428.1700134277344,429.0299987792969,425.8883361816406,26197500
2025-01-21,MSFT,430.20001220703125,430.8999938964844,425.6000061035156,428.5,425.3621826171875,26085700
2025-01-22,MSFT,437.55999755859375,447.2699890136719,436.0,446.20001220703125,442.9325866699219,27803800
2025-01-23,MSFT,442.0,446.75,441.5,446.7099914550781,443.4388122558594,18389300
2025-01-24,MSFT,445.1600036621094,446.6499938964844,441.3999938964844,444.05999755859375,440.8082580566406,15549500
2025-01-27,MSFT,424.010009765625,435.20001220703125,423.5,434.55999755859375,431.3778381347656,35647800
2025-01-28,MSFT,434.6000061035156,448.3800048828125,431.3800048828125,447.20001220703125,443.9252624511719,23491700
2025-01-29,MSFT,446.69000244140625,446.8800048828125,440.3999938964844,442.3299865722656,439.0909118652344,23581400
2025-01-30,MSFT,418.7699890136719,422.8599853515625,413.1600036621094,414.989990234375,411.95111083984375,54586300
2025-01-31,MSFT,418.9800109863281,420.69000244140625,414.9100036621094,415.05999755859375,412.0205993652344,34161900
2025-02-03,MSFT,411.6000061035156,415.4100036621094,408.6600036621094,410.9200134277344,407.9109191894531,25679100
2025-02-04,MSFT,412.69000244140625,413.9200134277344,409.739990234375,412.3699951171875,409.3503112792969,20532100
2025-02-05,MSFT,412.3500061035156,413.8299865722656,410.3999938964844,413.2900085449219,410.26361083984375,16316700
2025-02-06,MSFT,414.0,418.20001220703125,414.0,415.82000732421875,412.7750244140625,16309800
2025-02-07,MSFT,416.4800109863281,418.6499938964844,408.1000061035156,409.75,406.7494812011719,22886800
2025-02-10,MSFT,413.7099914550781,415.4599914550781,410.9200134277344,412.2200012207031,409.201416015625,20817900
2025-02-11,MSFT,409.6400146484375,412.489990234375,409.29998779296875,411.44000244140625,408.4270935058594,18140600
2025-02-12,MSFT,407.2099914550781,410.75,404.3699951171875,409.0400085449219,406.0447082519531,19121700
2025-02-13,MSFT,407.0,411.0,406.3599853515625,410.5400085449219,407.53369140625,23891700
2025-02-14,MSFT,407.7900085449219,408.9100036621094,405.8800048828125,408.42999267578125,405.43914794921875,22758500
2025-02-18,MSFT,408.0,410.6000061035156,406.5,409.6400146484375,406.64031982421875,21423100
2025-02-19,MSFT,407.8800048828125,415.489990234375,407.6499938964844,414.7699890136719,411.7326965332031,24114200
2025-02-20,MSFT,415.2900085449219,419.30999755859375,412.5400085449219,416.1300048828125,413.9110412597656,23508700
2025-02-21,MSFT,417.3399963378906,418.04998779296875,407.8900146484375,408.2099914550781,406.0332946777344,27524800
2025-02-24,MSFT,408.510009765625,409.3699951171875,399.32000732421875,404.0,401.8457336425781,26443700
2025-02-25,MSFT,401.1000061035156,401.9200134277344,396.70001220703125,397.8999938964844,395.77825927734375,29387400
2025-02-26,MSFT,398.010009765625,403.6000061035156,394.25,399.7300109863281,397.5985412597656,19619000
2025-02-27,MSFT,401.2699890136719,405.739990234375,392.1700134277344,392.5299987792969,390.4368896484375,21127400
2025-02-28,MSFT,392.6600036621094,397.6300048828125,386.57000732421875,396.989990234375,394.87310791015625,32845700
2025-03-03,MSFT,398.82000732421875,398.82000732421875,386.1600036621094,388.489990234375,386.4184265136719,23007700
2025-03-04,MSFT,383.3999938964844,392.5799865722656,381.0,388.6099853515625,386.53778076171875,29342900
2025-03-05,MSFT,389.3399963378906,401.6700134277344,388.80999755859375,401.0199890136719,398.881591796875,23433100
2025-03-06,MSFT,394.2799987792969,402.1499938964844,392.67999267578125,396.8900146484375,394.773681640625,23304600
2025-03-07,MSFT,392.32000732421875,394.79998779296875,385.5400085449219,393.30999755859375,391.2127380371094,22034100
2025-03-10,MSFT,385.8399963378906,386.3999938964844,377.2200012207031,380.1600036621094,378.13287353515625,32840100
2025-03-11,MSFT,379.0,386.0,376.9100036621094,380.45001220703125,378.42132568359375,30380200
2025-03-12,MSFT,382.95001220703125,385.2200012207031,378.95001220703125,383.2699890136719,381.2262878417969,24253600
2025-03-13,MSFT,383.1600036621094,385.32000732421875,377.45001220703125,378.7699890136719,376.7502746582031,20473000
2025-03-14,MSFT,379.7799987792969,390.2300109863281,379.510009765625,388.55999755859375,386.4880676269531,19952800
2025-03-17,MSFT,386.70001220703125,392.7099914550781,385.57000732421875,388.70001220703125,386.6273498535156,22474300
2025-03-18,MSFT,387.07000732421875,387.3699951171875,381.1000061035156,383.5199890136719,381.4749450683594,19486900
2025-03-19,MSFT,385.5299987792969,389.67999267578125,384.0,387.82000732421875,385.75201416015625,19185500
2025-03-20,MSFT,385.739990234375,391.7900085449219,383.2799987792969,386.8399963378906,384.7772521972656,18470500
2025-03-21,MSFT,383.2200012207031,391.739990234375,382.79998779296875,391.260009765625,389.17364501953125,39675900
2025-03-24,MSFT,395.3999938964844,395.3999938964844,389.80999755859375,393.0799865722656,390.98394775390625,21004500
2025-03-25,MSFT,393.9200134277344,396.3599853515625,392.6400146484375,395.1600036621094,393.0528869628906,15775000
2025-03-26,MSFT,395.0,395.30999755859375,388.57000732421875,389.9700012207031,387.89056396484375,16108400
2025-03-27,MSFT,390.1300048828125,392.239990234375,387.3999938964844,390.5799865722656,388.4972839355469,13766800
2025-03-28,MSFT,388.0799865722656,389.1300048828125,376.92999267578125,378.79998779296875,376.78009033203125,21632000
2025-03-31,MSFT,372.5400085449219,377.07000732421875,367.239990234375,375.3900146484375,373.3883056640625,35184700
2025-04-01,MSFT,374.6499938964844,382.8500061035156,373.2300109863281,382.19000244140625,380.15203857421875,19689500
2025-04-02,MSFT,377.9700012207031,385.0799865722656,376.6199951171875,382.1400146484375,380.1023254394531,16092600
2025-04-03,MSFT,374.7900085449219,377.4800109863281,369.3500061035156,373.1099853515625,371.12042236328125,30198000
2025-04-04,MSFT,364.1300048828125,374.5899963378906,359.4800109863281,359.8399963378906,357.92120361328125,49209900
2025-04-07,MSFT,350.8800048828125,371.0,344.7900085449219,357.8599853515625,355.9517822265625,50425000
2025-04-08,MSFT,368.260009765625,373.6499938964844,350.25,354.55999755859375,352.6693420410156,35868900
2025-04-09,MSFT,353.5400085449219,393.2300109863281,353.1000061035156,390.489990234375,388.40777587890625,50199700
2025-04-10,MSFT,382.05999755859375,383.8999938964844,367.79998779296875,381.3500061035156,379.3164978027344,38024400
2025-04-11,MSFT,380.6400146484375,390.04998779296875,378.8900146484375,388.45001220703125,386.378662109375,23839200
2025-04-14,MSFT,393.2200012207031,394.6499938964844,384.2099914550781,387.80999755859375,385.7420654296875,19251200
2025-04-15,MSFT,388.510009765625,391.8900146484375,384.1600036621094,385.7300109863281,383.67315673828125,17199900
2025-04-16,MSFT,380.6700134277344,381.6099853515625,368.0,371.6099853515625,369.62841796875,21967800
2025-04-17,MSFT,373.75,374.32000732421875,366.8900146484375,367.7799987792969,365.81884765625,21120200
2025-04-21,MSFT,362.82000732421875,364.4800109863281,355.6700134277344,359.1199951171875,357.205078125,20807300
2025-04-22,MSFT,363.3800048828125,367.7699890136719,359.8599853515625,366.82000732421875,364.864013671875,19485000
2025-04-23,MSFT,376.05999755859375,380.3900146484375,373.0199890136719,374.3900146484375,372.3936462402344,20545500
2025-04-24,MSFT,375.70001220703125,388.45001220703125,375.19000244140625,387.29998779296875,385.2347412109375,22232300
2025-04-25,MSFT,387.0,392.1600036621094,384.6000061035156,391.8500061035156,389.7605285644531,18973200
2025-04-28,MSFT,391.9599914550781,392.739990234375,386.6400146484375,391.1600036621094,389.0741882324219,16579400
2025-04-29,MSFT,391.29998779296875,395.1000061035156,390.3800048828125,394.0400085449219,391.9388427734375,14974000
2025-04-30,MSFT,390.29998779296875,396.6600036621094,384.44000244140625,395.260009765625,393.15234375,36461100
2025-05-01,MSFT,431.1099853515625,436.989990234375,424.8999938964844,425.3999938964844,423.1316223144531,58938100
2025-05-02,MSFT,431.739990234375,439.44000244140625,429.989990234375,435.2799987792969,432.95892333984375,30757400
2025-05-05,MSFT,432.8699951171875,439.5,432.1099853515625,436.1700134277344,433.8442077636719,20136100
2025-05-06,MSFT,432.20001220703125,437.7300109863281,431.1700134277344,433.30999755859375,430.99945068359375,15104200
2025-05-07,MSFT,433.8399963378906,438.1199951171875,431.1099853515625,433.3500061035156,431.03924560546875,23295300
2025-05-08,MSFT,437.92999267578125,443.6700134277344,435.6600036621094,438.1700134277344,435.8335876464844,23491300
2025-05-09,MSFT,440.0,440.739990234375,435.8800048828125,438.7300109863281,436.3905334472656,15324200
2025-05-12,MSFT,445.94000244140625,449.3699951171875,439.7799987792969,449.260009765625,446.8644104003906,22821900
2025-05-13,MSFT,447.7799987792969,450.6700134277344,445.3599853515625,449.1400146484375,446.74505615234375,23618800
2025-05-14,MSFT,448.1400146484375,453.8999938964844,448.1400146484375,452.94000244140625,450.5247802734375,19902800
2025-05-15,MSFT,450.7699890136719,456.19000244140625,450.42999267578125,453.1300048828125,451.54119873046875,21992300
2025-05-16,MSFT,452.04998779296875,454.3599853515625,448.7300109863281,454.2699890136719,452.6772155761719,23849800
2025-05-19,MSFT,450.8800048828125,459.5899963378906,450.79998779296875,458.8699951171875,457.26104736328125,21336500
2025-05-20,MSFT,455.5899963378906,458.3399963378906,454.32000732421875,458.1700134277344,456.56353759765625,15441800
2025-05-21,MSFT,454.57000732421875,457.7799987792969,451.80999755859375,452.57000732421875,450.983154296875,19216900
2025-05-22,MSFT,454.95001220703125,460.25,453.8999938964844,454.8599853515625,453.26513671875,18025600
2025-05-23,MSFT,449.9800109863281,453.69000244140625,448.9100036621094,450.17999267578125,448.6015625,16883500
2025-05-27,MSFT,456.4800109863281,460.95001220703125,456.1199951171875,460.69000244140625,459.0746765136719,20974300
2025-05-28,MSFT,461.2200012207031,462.5199890136719,456.92999267578125,457.3599853515625,455.7563781738281,17086300
2025-05-29,MSFT,461.54998779296875,461.7200012207031,455.30999755859375,458.67999267578125,457.0717468261719,13974800
2025-05-30,MSFT,459.7200012207031,461.67999267578125,455.5400085449219,460.3599853515625,458.7458190917969,34770500
2025-06-02,MSFT,457.1400146484375,462.1099853515625,456.8900146484375,461.9700012207031,460.3502197265625,16626500
2025-06-03,MSFT,461.4700012207031,464.1400146484375,460.8599853515625,462.9700012207031,461.3467102050781,15743800
2025-06-04,MSFT,464.0,465.69000244140625,463.0199890136719,463.8699951171875,462.2435302734375,14162700
2025-06-05,MSFT,464.9599914550781,469.6499938964844,464.0299987792969,467.67999267578125,466.0401611328125,20131700
2025-06-06,MSFT,470.0899963378906,473.3399963378906,468.7799987792969,470.3800048828125,468.730712890625,15285600
2025-06-09,MSFT,469.70001220703125,473.42999267578125,468.6199951171875,472.75,471.0924072265625,16469900
2025-06-10,MSFT,471.19000244140625,472.79998779296875,466.9599914550781,470.9200134277344,469.2688293457031,15375900
2025-06-11,MSFT,470.0199890136719,475.4700012207031,469.6600036621094,472.6199951171875,470.9628601074219,16399200
2025-06-12,MSFT,475.0199890136719,480.4200134277344,473.5199890136719,478.8699951171875,477.1909484863281,18950600
2025-06-13,MSFT,476.4100036621094,479.17999267578125,472.760009765625,474.9599914550781,473.2946472167969,16814500
2025-06-16,MSFT,475.2099914550781,480.69000244140625,475.0,479.1400146484375,477.46002197265625,15626100
2025-06-17,MSFT,475.3999938964844,478.739990234375,474.0799865722656,478.0400085449219,476.3638610839844,15414100
2025-06-18,MSFT,478.0,481.0,474.4599914550781,480.239990234375,478.5561218261719,17526500
2025-06-20,MSFT,482.2300109863281,483.4599914550781,476.8699951171875,477.3999938964844,475.7261047363281,37576200
2025-06-23,MSFT,478.2099914550781,487.75,472.510009765625,486.0,484.2959289550781,24864000
2025-06-24,MSFT,488.95001220703125,491.8500061035156,486.79998779296875,490.1099853515625,488.3915100097656,22305600
2025-06-25,MSFT,492.0400085449219,494.55999755859375,489.3900146484375,492.2699890136719,490.5439453125,17495100
2025-06-26,MSFT,492.9800109863281,498.0400085449219,492.80999755859375,497.45001220703125,495.705810546875,21578900
2025-06-27,MSFT,497.54998779296875,499.29998779296875,493.0299987792969,495.94000244140625,494.20111083984375,34539200
2025-06-30,MSFT,497.0400085449219,500.760009765625,495.3299865722656,497.4100036621094,495.66595458984375,28369000
2025-07-01,MSFT,496.4700012207031,498.04998779296875,490.9800109863281,492.04998779296875,490.3247375488281,19945400
2025-07-02,MSFT,489.989990234375,493.5,488.70001220703125,491.0899963378906,489.36810302734375,16319600
2025-07-03,MSFT,493.80999755859375,500.1300048828125,493.44000244140625,498.8399963378906,497.0909423828125,13984800
2025-07-07,MSFT,497.3800048828125,498.75,495.2300109863281,497.7200012207031,495.974853515625,13981600
2025-07-08,MSFT,497.239990234375,498.20001220703125,494.1099853515625,496.6199951171875,494.8786926269531,11846600
2025-07-09,MSFT,500.29998779296875,506.7799987792969,499.739990234375,503.510009765625,501.74456787109375,18659500
2025-07-10,MSFT,503.04998779296875,504.44000244140625,497.75,501.4800109863281,499.7216796875,16492100
2025-07-11,MSFT,498.4700012207031,505.0299987792969,497.79998779296875,503.32000732421875,501.55523681640625,16459500
2025-07-14,MSFT,501.5199890136719,503.9700012207031,501.0299987792969,503.0199890136719,501.2562561035156,12058800
2025-07-15,MSFT,503.0199890136719,508.29998779296875,502.7900085449219,505.82000732421875,504.04644775390625,14927200
2025-07-16,MSFT,505.17999267578125,506.7200012207031,501.8900146484375,505.6199951171875,503.8471374511719,15154400
2025-07-17,MSFT,505.67999267578125,513.3699951171875,505.6199951171875,511.70001220703125,509.9058532714844,17503100
2025-07-18,MSFT,514.47998046875,514.6400146484375,507.42999267578125,510.04998779296875,508.2616271972656,21209700
2025-07-21,MSFT,506.7099914550781,512.0900268554688,505.54998779296875,510.05999755859375,508.2715759277344,14066800
2025-07-22,MSFT,510.9700012207031,511.20001220703125,505.2699890136719,505.2699890136719,503.4983825683594,13868600
2025-07-23,MSFT,506.75,506.7900085449219,500.70001220703125,505.8699951171875,504.0962829589844,16396600
2025-07-24,MSFT,508.7699890136719,513.6699829101562,507.29998779296875,510.8800048828125,509.0887145996094,16107000
2025-07-25,MSFT,512.469970703125,518.2899780273438,510.3599853515625,513.7100219726562,511.9088439941406,19125700
2025-07-28,MSFT,514.0800170898438,515.0,510.1199951171875,512.5,510.7030334472656,14308000
2025-07-29,MSFT,515.530029296875,517.6199951171875,511.55999755859375,512.5700073242188,510.7727966308594,16469200
2025-07-30,MSFT,515.1699829101562,515.9500122070312,509.44000244140625,513.239990234375,511.4404296875,26380400
2025-07-31,MSFT,555.22998046875,555.4500122070312,531.9000244140625,533.5,531.62939453125,51617300
2025-08-01,MSFT,535.0,535.7999877929688,520.8599853515625,524.1099853515625,522.2723388671875,28977600
2025-08-04,MSFT,528.27001953125,538.25,528.1300048828125,535.6400146484375,533.7619018554688,25349000
2025-08-05,MSFT,537.1799926757812,537.2999877929688,527.239990234375,527.75,525.8995361328125,19171600
2025-08-06,MSFT,530.9000244140625,531.7000122070312,524.030029296875,524.9400024414062,523.0994262695312,21355700
2025-08-07,MSFT,526.7999877929688,528.0900268554688,517.5499877929688,520.8400268554688,519.0138549804688,16079100
2025-08-08,MSFT,522.5999755859375,524.6599731445312,519.4099731445312,522.0399780273438,520.2095947265625,15531000
2025-08-11,MSFT,522.2999877929688,527.5900268554688,519.719970703125,521.77001953125,519.9405517578125,20194400
2025-08-12,MSFT,523.75,530.97998046875,522.7000122070312,529.239990234375,527.3843383789062,18667000
2025-08-13,MSFT,532.1099853515625,532.7000122070312,519.3699951171875,520.5800170898438,518.7547607421875,19619200
2025-08-14,MSFT,522.5599975585938,525.9500122070312,520.1400146484375,522.47998046875,520.6480102539062,20269100
2025-08-15,MSFT,522.77001953125,526.0999755859375,519.0800170898438,520.1699829101562,518.3461303710938,25213300
2025-08-18,MSFT,521.5900268554688,522.8200073242188,514.02001953125,517.0999755859375,515.286865234375,23760600
2025-08-19,MSFT,515.0,515.1599731445312,508.54998779296875,509.7699890136719,507.98260498046875,21481000
2025-08-20,MSFT,509.8699951171875,511.0,504.44000244140625,505.7200012207031,503.9468078613281,27723000
2025-08-21,MSFT,503.69000244140625,507.6300048828125,502.7200012207031,504.239990234375,503.2980041503906,18443300
2025-08-22,MSFT,504.25,510.7300109863281,502.4100036621094,507.2300109863281,506.2824401855469,24324200
2025-08-25,MSFT,506.6300048828125,508.19000244140625,504.1199951171875,504.260009765625,503.3179931640625,21638600
2025-08-26,MSFT,504.3599853515625,504.9800109863281,498.510009765625,502.0400085449219,501.1021423339844,30835700
2025-08-27,MSFT,502.0,507.2900085449219,499.8999938964844,506.739990234375,505.7933349609375,17277900
2025-08-28,MSFT,507.0899963378906,511.0899963378906,505.5,509.6400146484375,508.68792724609375,18015600
2025-08-29,MSFT,508.6600036621094,509.6000061035156,504.489990234375,506.69000244140625,505.7434387207031,20961600
2025-09-02,MSFT,500.4700012207031,506.0,496.80999755859375,505.1199951171875,504.1763610839844,18128000
2025-09-03,MSFT,503.7900085449219,507.7900085449219,502.32000732421875,505.3500061035156,504.40594482421875,16345100
2025-09-04,MSFT,504.29998779296875,508.1499938964844,503.1499938964844,507.9700012207031,507.02105712890625,15509500
2025-09-05,MSFT,509.07000732421875,511.9700012207031,492.3699951171875,495.0,494.0752868652344,31994800
2025-09-08,MSFT,498.1099853515625,501.20001220703125,495.0299987792969,498.20001220703125,497.2693176269531,16771000
2025-09-09,MSFT,501.42999267578125,502.25,497.70001220703125,498.4100036621094,497.4789123535156,14410500
2025-09-10,MSFT,502.9800109863281,503.2300109863281,496.7200012207031,500.3699951171875,499.43524169921875,21611800
2025-09-11,MSFT,502.25,503.1700134277344,497.8800048828125,501.010009765625,500.0740661621094,18881600
2025-09-12,MSFT,506.6499938964844,512.5499877929688,503.8500061035156,509.8999938964844,508.94744873046875,23624900
2025-09-15,MSFT,508.7900085449219,515.469970703125,507.0,515.3599853515625,514.397216796875,17143800
2025-09-16,MSFT,516.8800048828125,517.22998046875,508.6000061035156,509.0400085449219,508.08905029296875,19711900
2025-09-17,MSFT,510.6199951171875,511.2900085449219,505.92999267578125,510.0199890136719,509.06719970703125,15816600
2025-09-18,MSFT,511.489990234375,513.0700073242188,507.6600036621094,508.45001220703125,507.5001525878906,18913700
2025-09-19,MSFT,510.55999755859375,519.2999877929688,510.30999755859375,517.9299926757812,516.96240234375,52474100
2025-09-22,MSFT,515.5900268554688,517.739990234375,512.5399780273438,514.4500122070312,513.4889526367188,20009300
2025-09-23,MSFT,513.7999877929688,514.5900268554688,507.30999755859375,509.2300109863281,508.2787170410156,19799600
2025-09-24,MSFT,510.3800048828125,512.47998046875,506.9200134277344,510.1499938964844,509.19696044921875,13533700
2025-09-25,MSFT,508.29998779296875,510.010009765625,505.0400085449219,507.0299987792969,506.0827941894531,15786500
2025-09-26,MSFT,510.05999755859375,513.9400024414062,506.6199951171875,511.4599914550781,510.5045166015625,16213100
2025-09-29,MSFT,511.5,516.8499755859375,508.8800048828125,514.5999755859375,513.6386108398438,17617800
2025-09-30,MSFT,513.239990234375,518.1599731445312,509.6600036621094,517.9500122070312,516.982421875,19728200
2025-10-01,MSFT,514.7999877929688,520.510009765625,511.69000244140625,519.7100219726562,518.7391357421875,22632300
2025-10-02,MSFT,517.6400146484375,521.5999755859375,510.67999267578125,515.739990234375,514.7765502929688,21222900
2025-10-03,MSFT,517.0999755859375,520.489990234375,515.0,517.3499755859375,516.3834838867188,15112300
2025-10-06,MSFT,518.6099853515625,531.030029296875,518.2000122070312,528.5700073242188,527.5825805664062,21388600
2025-10-07,MSFT,528.2899780273438,529.7999877929688,521.4400024414062,523.97998046875,523.0010986328125,14615200
2025-10-08,MSFT,523.280029296875,526.9500122070312,523.0900268554688,524.8499755859375,523.8695068359375,13363400
2025-10-09,MSFT,522.3400268554688,524.3300170898438,517.4000244140625,522.4000244140625,521.4241333007812,18343600
2025-10-10,MSFT,519.6400146484375,523.5800170898438,509.6300048828125,510.9599914550781,510.0054626464844,24133800
2025-10-13,MSFT,516.4099731445312,516.4099731445312,511.67999267578125,514.0499877929688,513.0896606445312,14284200
2025-10-14,MSFT,510.2300109863281,515.280029296875,506.0,513.5700073242188,512.610595703125,14684300
2025-10-15,MSFT,514.9600219726562,517.1900024414062,510.0,513.4299926757812,512.4708251953125,14694700
2025-10-16,MSFT,512.5800170898438,516.8499755859375,508.1300048828125,511.6099853515625,510.65423583984375,15559600
2025-10-17,MSFT,509.0400085449219,515.47998046875,507.30999755859375,513.5800170898438,512.62060546875,19867800
2025-10-20,MSFT,514.6099853515625,518.7000122070312,513.4299926757812,516.7899780273438,515.8245239257812,14665600
2025-10-21,MSFT,517.5,518.6900024414062,513.0399780273438,517.6599731445312,516.6929321289062,15586200
2025-10-22,MSFT,521.1500244140625,525.22998046875,517.7100219726562,520.5399780273438,519.5675659179688,18962700
2025-10-23,MSFT,522.4600219726562,523.9500122070312,518.6099853515625,520.5599975585938,519.5875244140625,14023500
2025-10-24,MSFT,522.7899780273438,525.3499755859375,520.7100219726562,523.6099853515625,522.6318359375,15532400
2025-10-27,MSFT,531.780029296875,534.5800170898438,529.010009765625,531.52001953125,530.527099609375,18734700
2025-10-28,MSFT,550.0,553.719970703125,540.77001953125,542.0700073242188,541.057373046875,29986700
2025-10-29,MSFT,544.9400024414062,546.27001953125,536.72998046875,541.5499877929688,540.538330078125,36023000
2025-10-30,MSFT,530.47998046875,534.969970703125,522.1199951171875,525.760009765625,524.77783203125,41023100
2025-10-31,MSFT,528.8800048828125,529.3200073242188,515.0999755859375,517.8099975585938,516.8426513671875,34006400
2025-11-03,MSFT,519.8099975585938,524.9600219726562,514.5900268554688,517.030029296875,516.0641479492188,22374700
2025-11-04,MSFT,511.760009765625,515.5499877929688,507.8399963378906,514.3300170898438,513.3692016601562,20958700
2025-11-05,MSFT,513.2999877929688,514.8300170898438,506.5799865722656,507.1600036621094,506.2125549316406,23024300
2025-11-06,MSFT,505.6600036621094,505.70001220703125,495.80999755859375,497.1000061035156,496.1713562011719,27406500
2025-11-07,MSFT,496.95001220703125,499.3800048828125,493.25,496.82000732421875,495.8918762207031,24019800
2025-11-10,MSFT,500.0400085449219,506.8500061035156,498.79998779296875,506.0,505.0547180175781,26101500
2025-11-11,MSFT,504.79998779296875,509.6000061035156,502.3500061035156,508.67999267578125,507.7297058105469,17980000
2025-11-12,MSFT,509.3599853515625,511.6700134277344,499.1199951171875,511.1400146484375,510.1851501464844,26574900
2025-11-13,MSFT,510.30999755859375,513.5,501.2900085449219,503.2900085449219,502.34979248046875,25273100
2025-11-14,MSFT,498.2300109863281,511.6000061035156,497.44000244140625,510.17999267578125,509.2268981933594,28505700
2025-11-17,MSFT,508.45001220703125,512.1199951171875,504.9100036621094,507.489990234375,506.54193115234375,19092800
2025-11-18,MSFT,495.3699951171875,502.9800109863281,486.7799987792969,493.7900085449219,492.8675537109375,33815100
2025-11-19,MSFT,490.1000061035156,495.19000244140625,482.8299865722656,487.1199951171875,486.2099914550781,23245300
2025-11-20,MSFT,492.7099914550781,493.57000732421875,475.5,478.42999267578125,478.42999267578125,26802500
2025-11-21,MSFT,478.5,478.9200134277344,468.2699890136719,472.1199951171875,472.1199951171875,31769200
2025-11-24,MSFT,475.0,476.8999938964844,468.0199890136719,474.0,474.0,34421000
2025-11-25,MSFT,474.07000732421875,479.1499938964844,464.8900146484375,476.989990234375,476.989990234375,28019800
2025-11-26,MSFT,486.30999755859375,488.30999755859375,481.20001220703125,485.5,485.5,25709100
2025-11-28,MSFT,487.6000061035156,492.6300048828125,486.6499938964844,492.010009765625,492.010009765625,14386700
2025-12-01,MSFT,488.44000244140625,489.8599853515625,484.6499938964844,486.739990234375,486.739990234375,23964000
2025-12-02,MSFT,486.7200012207031,493.5,486.32000732421875,490.0,490.0,19562700
2025-12-03,MSFT,476.32000732421875,484.239990234375,475.20001220703125,477.7300109863281,477.7300109863281,34615100
2025-12-04,MSFT,479.760009765625,481.32000732421875,476.489990234375,480.8399963378906,480.8399963378906,22318200
2025-12-05,MSFT,482.5199890136719,483.3999938964844,478.8800048828125,483.1600036621094,483.1600036621094,22608700
2025-12-08,MSFT,484.8900146484375,492.29998779296875,484.3800048828125,491.0199890136719,491.0199890136719,21965900
2025-12-09,MSFT,489.1000061035156,492.1199951171875,488.5,492.0199890136719,492.0199890136719,14696100
2025-12-10,MSFT,484.0299987792969,484.25,475.0799865722656,478.55999755859375,478.55999755859375,35756200
2025-12-11,MSFT,476.6300048828125,486.0299987792969,475.8599853515625,483.4700012207031,483.4700012207031,24669200
2025-12-12,MSFT,479.82000732421875,482.45001220703125,476.3399963378906,478.5299987792969,478.5299987792969,21248100
2025-12-15,MSFT,480.1000061035156,480.7200012207031,472.5199890136719,474.82000732421875,474.82000732421875,23727700
2025-12-16,MSFT,471.9100036621094,477.8900146484375,470.8800048828125,476.3900146484375,476.3900146484375,20705600
2025-12-17,MSFT,476.9100036621094,480.0,475.0,476.1199951171875,476.1199951171875,24527200
2025-12-18,MSFT,478.19000244140625,489.6000061035156,477.8900146484375,483.9800109863281,483.9800109863281,28573500
2025-12-19,MSFT,487.3599853515625,487.8500061035156,482.489990234375,485.9200134277344,485.9200134277344,70836100
2025-12-22,MSFT,486.1199951171875,488.7300109863281,482.69000244140625,484.9200134277344,484.9200134277344,16963000
2025-12-23,MSFT,484.9800109863281,487.8299865722656,484.739990234375,486.8500061035156,486.8500061035156,14683600
2025-12-24,MSFT,485.67999267578125,489.1600036621094,484.8299865722656,488.0199890136719,488.0199890136719,5855900
2025-12-26,MSFT,486.7099914550781,488.1199951171875,485.9599914550781,487.7099914550781,487.7099914550781,8842200
2025-12-29,MSFT,484.8599853515625,488.3500061035156,484.17999267578125,487.1000061035156,487.1000061035156,10893400
2025-12-30,MSFT,485.92999267578125,489.67999267578125,485.5,487.4800109863281,487.4800109863281,13944500
2025-12-31,MSFT,487.8399963378906,488.1400146484375,483.29998779296875,483.6199951171875,483.6199951171875,15601600
2026-01-02,MSFT,484.3900146484375,484.6600036621094,470.1600036621094,472.94000244140625,472.94000244140625,25571600
2026-01-05,MSFT,474.05999755859375,476.07000732421875,469.5,472.8500061035156,472.8500061035156,25250300
2026-01-06,MSFT,473.79998779296875,478.739990234375,469.75,478.510009765625,478.510009765625,23037700
2026-01-07,MSFT,479.760009765625,489.70001220703125,477.95001220703125,483.4700012207031,483.4700012207031,25564200
2026-01-08,MSFT,481.239990234375,482.6600036621094,475.8599853515625,478.1099853515625,478.1099853515625,18162600
2026-01-09,MSFT,474.05999755859375,479.82000732421875,472.20001220703125,479.2799987792969,479.2799987792969,18491000
2026-01-12,MSFT,476.6700134277344,480.989990234375,475.67999267578125,477.17999267578125,477.17999267578125,23519900
2026-01-13,MSFT,474.67999267578125,475.7799987792969,465.95001220703125,470.6700134277344,470.6700134277344,28545800
2026-01-14,MSFT,466.4599914550781,468.20001220703125,457.1700134277344,459.3800048828125,459.3800048828125,28184300
2026-01-15,MSFT,464.1199951171875,464.25,455.8999938964844,456.6600036621094,456.6600036621094,23225800
2026-01-16,MSFT,457.8299865722656,463.19000244140625,456.4800109863281,459.8599853515625,459.8599853515625,34246700
2026-01-20,MSFT,451.2200012207031,456.79998779296875,449.2799987792969,454.5199890136719,454.5199890136719,26130000
2026-01-21,MSFT,452.6000061035156,452.69000244140625,438.67999267578125,444.1099853515625,444.1099853515625,37980500
2026-01-22,MSFT,447.6199951171875,452.8399963378906,444.70001220703125,451.1400146484375,451.1400146484375,25349400
2026-01-23,MSFT,451.8699951171875,471.1000061035156,450.5299987792969,465.95001220703125,465.95001220703125,38000200
2026-01-26,MSFT,465.30999755859375,474.25,462.0,470.2799987792969,470.2799987792969,29291200
2026-01-27,MSFT,473.70001220703125,482.8699951171875,473.1600036621094,480.5799865722656,480.5799865722656,29213900
2026-01-28,MSFT,483.2099914550781,483.739990234375,478.0,481.6300048828125,481.6300048828125,36875400
2026-01-29,MSFT,439.989990234375,442.5,421.0199890136719,433.5,433.5,128855300
2026-01-30,MSFT,439.1700134277344,439.6000061035156,426.45001220703125,430.2900085449219,430.2900085449219,58470400
